name,affiliation
"Ablett, Daniel","University of South Australia, Australia"
"Abraham, Melvin","School of Computer Science, University of Glasgow, United Kingdom"
"Abu Bakar, Muhammad","Computer Science and Engineering, Yuan Ze University, Taiwan"
"Adeniyi, Sam","University of Minnesota, United States"
"Adhanom, Isayas","Computer Science and Engineering, University of Minnesota, United States"
"Ahmed, Naveed","Department of Computer Science, University of Sharjah, United Arab Emirates"
"Ahn, Grace",
"Alavesa, Paula","Center for Ubiquitous Computing, University of Oulu, Finland"
"Albuquerque, Georgia","Software Technology / Software for Space Systems and Interactive Visualization , German Aerospace Center, Germany"
"Alhilal, Ahmad","Computer Science Dept, Aalto University, Finland"
"Allison, Robert","Department of Electrical Engineering and Computer Science, York University, Canada"
"AlRawi, Layth","Interactive Design Research Group, Klagenfurt University, Austria"
"Amure, Ridwan","Collaboratorium for Online Social Media and Behavioral Studies, University of Arkansas at Little Rock, United States"
"Anderton, Craig","College of Computing, Birmingham City University, United Kingdom"
"Anthes, Christoph","University of Applied Sciences Upper Austria, Austria"
"Anvari, Taravat","Institute for Psychology, University of Muenster, Germany"
"Aranha, Renan","University of São Paulo, Brazil"
"Arevalo Arboleda, Stephanie","Audiovisual Technology Group, Technische Universität Ilmenau, Germany"
"Argo, Erin","Augusta University, United States"
"Asish, Sarker Monojit","Computer Science, Florida Polytechnic University, United States"
"Assor, Ambre","Université Paris-Saclay , Inria, CNRS, LISN, France"
"Bachinski, Miroslav","Department of Information Science and Media Studies, University of Bergen, Norway"
"Bae, S. Sandra","ATLAS Institute, University of Colorado Boulder, United States"
"Bai, Xiaoyang","Department of Electrical and Electronic Engineering, The University of Hong Kong, Hong Kong"
"Ban, Yuki","The University of Tokyo, Japan"
"Banakou, Domna","University of Barcelona, Spain"
"Barmaki, Roghayeh","Computer and Information Sciences, University of Delaware, United States"
"Barrera Machuca, Mayra","Faculty of Computer Science, Dalhousie University, Canada"
"Bashar, Mohammad Raihanul","Department of Computer Science & Software Engineering, Concordia University, Canada"
"Basu, Aryabrata","Department of Computer Science, University of Arkansas at Little Rock, United States"
"Baudry, David","LINEACT, CESI, France"
"Behravan, Majid","Virginia Tech, United States"
"Belani, Manshul","Mélange Lab, IIIT-Delhi, India"
"Bell, Blaine","Blaine Bell, United States"
"Benjamin, Juanita","University of Central Florida, United States"
"Benmahdjoub, Mohamed","Biomedical Imaging Group Rotterdam, Erasmus MC, Netherlands"
"Bergamasco, Leila","Computer Science, University Center FEI, Brazil"
"Berthaut, Florent","CRIStAL, Université de Lille, France"
"Bessa, Maximino","INESC TEC, Portugal"
"Bezanson, Katherine","Texas A&M University, United States"
"Bhardwaj, Ayush","Department of Computer Science, The University of Texas at Dallas, United States"
"Bhattacharya, Aneesh","Computer Science and Engineering, IIIT Naya Raipur, India"
"Bhattacharya, Uttaran","Adobe Inc., United States"
"Bi, Haocheng","Boston Consulting Group, United States"
"Biehl, Jacob","School of Computing and Information, University of Pittsburgh, United States"
"Biener, Verena","University of Stuttgart, Germany"
"Boem, Alberto","Department of Information Engineering and Computer Science, University of Trento, Italy"
"Bohak, Ciril","Faculty of Computer and Information Science, University of Ljubljana, Slovenia"
"Boorboor, Saeed","Computer Science, Stony Brook University, United States"
"Borhani, Zahra","Computer Science Department, Colorado State University, United States"
"Borst, Christoph","Center for Advanced Computer Studies, University of Louisiana at Lafayette, United States"
"Bosco, Matteo","TU Wien, Austria"
"Botev, Jean","VR/AR Lab, University of Luxembourg, Luxembourg"
"Boucaud, Fabien","Sorbonne Université, ISIR, France"
"Bougrain, Laurent","LORIA, Université de Lorraine, France"
"Bourdin-Kreitz, Pierre","Computer Science, Multimedia and Telecommunications Department (EIMT), Universitat Oberta de Catalunya, Spain"
"Bozkir, Efe","Human-Centered Technologies for Learning, Technical University of Munich, Germany"
"Brown, Phillip","Cognitive Science and Artificial Intelligence, Tilburg University, Netherlands"
"Brübach, Larissa","Human-Computer Interaction Group, University of Würzburg, Germany"
"Bruder, Gerd","SREAL, University of Central Florida, United States"
"Brudy, Frederik","Autodesk Research, Canada"
"Bullock, Tom","Psychology & Brain Sciences, University of California -- Santa Barbara, United States"
"Bustillo, Andrés","Universidad de Burgos, Spain"
"Buttussi, Fabio","HCI Lab - Department of Mathematics, Computer Science, and Physics, University of Udine, Italy"
"Cabrera-Araya, Raquel","College of Performance, Visualization and Fine Arts, Texas A&M University , United States"
"Cai, Shaoyu","College of Design and Engineering, National University of Singapore, Singapore"
"Calisto, Francisco Maria","ITI/LARSyS, IST - U. Lisboa, Portugal"
"Caluya, Nicko","Visual Information Engineering Laboratory, Ritsumeikan University, Japan"
"Camacho Fidalgo, Graciela","Texas A&M, United States"
"Canales, Ryan","Clemson University, United States"
"Cantory, Ville","University of Minnesota, United States"
"Capobianco, Antonio","ICube, Université de Strasbourg, France"
"Cauchard, Jessica","TU Wien, Austria"
"Chaffangeon Caillet, Adrien","Univ. Grenoble Alpes, CNRS, Grenoble INP, LIG, France"
"Chakraborty, Akashdeep","Interactive Systems and User Experience Lab, University of Central Florida, United States"
"Chandio, Yasra","Department of Electrical and Computer Engineering , University of Massachusetts, Amherst, United States"
"Chang, Wenjie","University of Science and Technology of China, China"
"Chang, Zhuang","Auckland Bioengineering Institute, The University of Auckland, New Zealand"
"Chardonnet, Jean-Rémy","LISPEN EA7515, Arts et Metiers Institute of Technology, France"
"Chattopadhyay, Debaleena","Computer Science, University of Illinois at Chicago, United States"
"Cheiran, Jean Felipe","Campus Alegrete, Federal University of Pampa, Brazil"
"Chen, Kenneth","New York University, United States"
"Chen, Liuqing","College of Computer Science and Technology, Zhejiang University, China"
"Chen, Yuan","Cheriton School of Computer Science, University of Waterloo, Canada"
"Cheng, Haojie","Immersive Reality Lab, National University of Singapore, Singapore"
"Cheng, Lung-Pan","National Taiwan University, Taiwan"
"Cherng, Fu-Yin","Department of Computer Science and Information Engineering, National Chung Cheng University, Taiwan"
"Cheymol, Antonin","Department of Mechano-Informatics, Graduate School of Information Science and Technology, Kuzuoka-Amemiya-Narumi Lab, The University of Tokyo, Japan"
"Chiba, Naoya","D3 Center, Osaka Unversity, Japan"
"Chihak, Ben","coe college, United States"
"Chinello, Francesco","Aarhus University, Denmark"
"Chittaro, Luca","HCI Lab, University of Udine, Italy"
"Cho, Hyunsung","Human-Computer Interaction Institute, Carnegie Mellon University, United States"
"Choi, Myungguen","Human-Computer Interaction Lab, Hokkaido University, Japan"
"Choi, Suyeon",
"Chollet, Mathieu","School of Computing Science, University of Glasgow, United Kingdom"
"Choudhury, Nusrat","National Research Council Canada, Canada"
"Chuang, Chun-Hsiang",
"Chuang, Jung-Hong","Dept of Computer Science, National Yang Ming Chiao Tung University, Taiwan"
"Cibulskis, Mantas","University of Copenhagen, Denmark"
"Clarke, Thomas","IVE/Wearable Computer Lab, University of South Australia, Australia"
"Coelho, Luis Filipe Martins Pinto","Instituto superior de engenharia do Porto , Portugal"
"Colley, Mark","UCL Interaction Centre, United Kingdom"
"Cools, Robbe","Department of Computer Science, KU Leuven, Belgium"
"Corrêa, Cleber","Universidade Tecnológica Federal do Paraná, Brazil"
"Correa de Almeida, Gustavo","VIZLAB - Geoinformatics and Visualization Lab, UNISINOS , Brazil"
"Costa Sousa, Mario","University of Calgary, Canada"
"Creem-Regehr, Sarah","Psychology, University of Utah, United States"
"Culbertson, Heather","Computer Science, University of Southern California, United States"
"Danieau, Fabien","Pollen Robotics, France"
"Darbar, Rajkumar","Laboratoire de Biochimie Théorique, Institut de Biologie Physico-Chimique, France"
"David-John, Brendan","Department of Computer Science, Virginia Tech, United States"
"De Jesus Oliveira, Victor Adriel","Institute of Creative\Media/Technologies, St. Poelten University of Applied Sciences, Austria"
"De Pace, Francesco","Institute of Visual Computing and Human-Centered Technology, TU Wien, Austria"
"Delamare, William","Univ. Bordeaux, ESTIA-Institute of Technology, EstiaR, France"
"Dever, Daryn","University of Central Florida, United States"
"Dias, Alexandre",
"Didier, Jean-Yves","IBISC, Univ Evry, Université Paris-Saclay, France"
"Dileepraj kidiyur, Mridula","IEEE, United States"
"Ding, Zhicheng","Columbia Univeristy, United States"
"Do, Tiffany","Computer Science, Drexel University, United States"
"Dominjon, Lionel","CLARTE, France"
"Dongye, Xiaonuo","Beijing Institute of Technology, China"
"Dorneich, Michael","Industrial and Manufacturing Systems Engineering, Iowa State University, United States"
"Drogemuller, Adam",
"Du, Ruofei","Google, United States"
"Du, Xiaojiao","IVE, University of South Australia, Australia"
"Duan, Huiyu","Shanghai Jiao Tong University, China"
"Duchowski, Andrew","School of Computing, Clemson University, United States"
"Dudley, John","Department of Engineering, University of Cambridge, United Kingdom"
"Dufresne-Camaro, Charles-Olivier","Computer Science, University of British Columbia, Canada"
"Duinkharjav, Budmonde","Tandon School of Engineering, New York University, United States"
"Dwyer, Tim","Data Visualisation and Immersive Analytics, Monash University, Australia"
"Ebrahimi, Elham","Computer Science Department, UNC Wilmington, United States"
"Eck, Ulrich","Chair for Computer Aided Medical Procedures, Technische Universitaet Muenchen, Germany"
"Eckhoff, Daniel","eXtended Reality Lab / School of Creative Media, City University of Hong Kong, Hong Kong"
"Efraimidis, Michael","Technical University of Crete, TUC, Greece"
"Ehtesham-Ul-Haque, Md","College of Information Sciences and Technology, Pennsylvania State University, United States"
"Eisemann, Elmar","Computer Graphics and Visualization, Delft University of Technology, Netherlands"
"ElSayed, Neven","Human AI Interaction, Know-Center GmbH, Austria"
"Engel, Don","University of Maryland, Baltimore County, United States"
"Ennis, Cathy","Computer Science, TU Dublin, Ireland"
"Erel, Yotam","Tel Aviv University, Israel"
"Esteves, Augusto","ITI / LARSyS, Instituto Superior Técnico, University of Lisbon, Portugal"
"Evangelista, Alessandro","DMMM, Polytechnic University of Bari, Italy"
"F Paulo, Soraia","ITI/LARSyS, Instituto Superior Técnico, University of Lisbon, Portugal"
"Fan, Mingming","The Hong Kong University of Science and Technology (Guangzhou), China"
"Fan, Runze","State Key Laboratory of Virtual Reality Technology and Systems, Beihang University, China"
"Farzinnejad, Forouzan","Coburg University of applied sciences and arts, Germany"
"Fascetti, Alessandro","University of Pittsburgh, United States"
"Feick, Martin","DFKI and Saarland University, Saarland Informatics Campus, Germany"
"Feijóo-García, Pedro Guillermo","College of Computing/School of Computing Instruction, Georgia Institute of Technology, United States"
"Feld, Nico","Trier University, Germany"
"Folmer, Eelke","Computer Science and Engineering, University of Nevada, United States"
"Fontana, Federico","University of Udine, Italy"
"Foulonneau, Anthony","Orange, France"
"Fox, Dylan","XR Access, Cornell Tech, United States"
"Friederichs, Kylee","Texas A&M University, United States"
"Frisson, Christian","Metalab, Society for Art and Technology, Canada"
"Froehlich, Bernd","Virtual Reality and Visualization Research Group, Bauhaus-Universität Weimar, Germany"
"Frumento, Sergio","University of Pisa, Italy"
"Fujisawa, Makoto","Faculty of Library, Information and Media Science, University of Tsukuba, Japan"
"Fujita, Kazuyuki","Research Institute of Electrical Communication, Tohoku University, Japan"
"Fukiage, Taiki",
"Furuya, Hiroshi","Synthetic Reality Lab, University of Central Florida, United States"
"Gabbard, Joseph","Virginia Tech, United States"
"Gabel, Jenny","Human Computer Interaction, Universität Hamburg, Germany"
"Gagnon, Holly","Psychology, University of Utah, United States"
"Gain, James","Computer Science Department, University of Cape Town, South Africa"
"Gan, Qi Wen","Department of Computer Science, Tsinghua University, China"
"Gandhi, Arfive","School of Computing, Telkom University, Indonesia"
"Ganias, Giorgos","Department of Informatics and Telecommunications, National and Kapodistrian University of Athens, Greece"
"Gao, Zenggui","Shanghai University, China"
"García Bauza, Cristian","Media.Lab, Instituto PLADEMA, UNCPBA, Argentina"
"Gattullo, Michele","DMMM, Polytechnic University of Bari, Italy"
"Gellersen, Hans","Aarhus University, Denmark"
"Genay, Adélaïde","School of Computing and Information Systems, University of Melbourne, Australia"
"Geronazzo, Michele","Department of Engineering and Management , University of Padua, Italy"
"Ghazanfari, Mohammad","Virtual and Augmented Reality Group, TU Wien, Austria"
"Ghosh, Rashi","Virtual Experiences Research Group, Department of Computer and Information Science and Engineering, University of Florida, United States"
"Gilbert, David","Visual Computing Institute, RWTH Aachen, Germany"
"Gilbert, Stephen","Virtual Reality Applications Center, Iowa State University, United States"
"Giraud, Frédéric","Research in Orthopedic Computer Science, Balgrist University Hospital, Switzerland"
"Goli, Amir","School of Architecture and Design, University of Kansas, United States"
"Gonzalez-Franco, Mar","Google, United States"
"Goodwin, Sarah","Monash University, Australia"
"Gottsacker, Matt","SREAL, University of Central Florida, United States"
"Grandi, Jeronimo","Computer & Cyber Sciences, Augusta University, United States"
"Greene, Nicholas","Computer Science, Johns Hopkins University, United States"
"Groth, Colin","TU Braunschweig, Germany"
"Gruchalla, Kenny","Computational Science Center, National Renewable Energy Lab, United States"
"Guerreiro, João","LASIGE, Faculdade de Ciências, Universidade de Lisboa, Portugal"
"Guo, Hung-Jui","The University of Texas at Dallas, Software Engineering department, United States"
"Guo, Yudong","USTC, China"
"Guo, Zixuan","School of Advanced Technology, Xi'an Jiaotong-Liverpool University, China"
"Gupta, Kunal","Empathic Computing Laboratory, The University of Auckland, New Zealand"
"Gupta, Prerit","Computer Science, Purdue University, United States"
"Gyreyiri, Paul","Electrical Engineering and Computer Science Department, University of Wyoming, United States"
"Haar, Shlomi","Imperial College London, United Kingdom"
"Han, Feiyu","University of Science and Technology of China, China"
"Han, Jihae","Department of Computer Science, KU Leuven, Belgium"
"Han, JungHyun","Media Laboratory, Korea University, Korea, Republic of"
"Han, Ping-Hsuan","Department of Interaction Design, National Taipei University of Technology, Taiwan"
"Han, Teng","Department of Computer Science, University of Manitoba, Canada"
"Hardman, Lynda","CWI, Netherlands"
"Hartfill, Judith","Universität Hamburg, Germany"
"Hashimoto, Yuki","University of Tsukuba, Japan"
"Hassan, Waseem","computer science, Kyung hee university , Korea, Republic of"
"Hatada, Yuji","The University of Tokyo, Japan"
"Hatira, Nour","Kadir Has University, Turkey"
"Havard, Vincent","LINEACT, CESI, France"
"Hayes, Aleshia","Learning Technology / Information Science / SURGE Lab, University of North Texas, United States"
"Henze, Niels","University of Regensburg, Germany"
"Hertel, Julia","HCI, University of Hamburg, Germany"
"Hmaiti, Yahya","Interactive Systems and User Experience Lab, University of Central Florida, United States"
"Ho, Hsin-Ni","Kyushu University, Japan"
"Hu, Erzhen","Department of Computer Science, University of Virginia, United States"
"Hu, Ping","Computer Science, Stony Brook University, United States"
"Hu, Tao","S-Lab, Nanyang Technological University, Singapore"
"Hu, Xiaodan","NAIST, Japan"
"Hu, Xiyun","School of Mechanical Engineering , Purdue University, United States"
"Hu, Yaoping","Dept. of Electrical and Software Engineering, University of Calgary, Canada"
"Hu, Yongtao","X-Lab, Guangdong Virtual Reality Technology Co., Ltd., China"
"Huang, Kui","Tsinghua University, China"
"Huang, Shi-Sheng","School of AI, Beijing Normal University, China"
"Huang, Tianshu",
"Huang, Weidong","University of Technology Sydney, Australia"
"Huang, Xincheng","Department of Computer Science, University of British Columbia, Canada"
"Huang, Yuxuan","Computer Science and Engineering, University of Minnesota, United States"
"Hubenschmid, Sebastian","HCI Group, University of Konstanz, Germany"
"Hürst, Wolfgang","Department of Information and Computing Sciences, Utrecht University, Netherlands"
"Hussain, Razeen","Dept. of Informatics, Bioengineering, Robotics, and Systems Engineering, University of Genoa, Italy"
"Hwang, Angel Hsing-Chi","University of Southern California, United States"
"Hynes, Eoghan","Truly Immersive Multimedia Experiences lab, Technological University of the Shannon, Midlands and Midwest, Ireland"
"Iachini, Tina","Dept Psychology, University of Campania Luigi Vanvitelli, Italy"
"Ichihashi, Sosuke","Digital Media, Georgia Institute of Technology, United States"
"Igras-Cybulska, Magdalena","AGH UST, Poland"
"Ikeda, Sei","Ritsumeikan University, Japan"
"Irani, Pourang","Department of Computer Science, University of British Columbia (Okanagan), Canada"
"Irlitti, Andrew","School of Computing and Information Systems, The University of Melbourne, Australia"
"Isenberg, Tobias","LISN, Université Paris-Saclay, CNRS, France"
"Ishizuka, Hiroki","Osaka University, Japan"
"Islam, Md Touhidul","College of Information Sciences and Technology, Pennsylvania State University, United States"
"Itoh, Yuta","The University of Tokyo, Japan"
"Jadhav, Shreeraj","Computer Science Dept, Stony Brook University, United States"
"Jain, Rahul","Department of Electrical and Computer Engineering , Purdue University, United States"
"Janeh, Omar","University of Technology- Iraq, Computer Engineering Department, Iraq"
"Jang, Hyuckjin","Graduate School of Culture Technology, KAIST, Korea, Republic of"
"Jannat, Marium-E-","The University of British Columbia, Canada"
"Jannin, Pierre","INSERM University of Rennes 1, France"
"Je, Seungwoo","Southern University of Science and Technology, China"
"Jiang, Haiyan","Singapore Institute of Technology, Singapore"
"Jiang, Ying","UCLA, United States"
"Jin, Qiao","Human-Computer Interaction Institute, Carnegie Mellon University, United States"
"Jin, Tao","Electrical and Computer Engineering, Carnegie Mellon University, United States"
"Jin, Xiaogang","State Key Lab of CAD&CG, Zhejiang University, China"
"Jin, Yili","McGill University, Canada"
"Jing, Ke","ByteDance, United States"
"Johnsen, Kyle","School of Electrical and Computer Engineering, University of Georgia, United States"
"Judkins, Blain","Texas A&M University, United States"
"Jyothula, Sai Priya","Electronic Visualization Laboratory, Computer Science, University of Illinois Chicago, United States"
"Kagami, Shingo","Unprecedented-scale Data Analytics Center, Tohoku University, Japan"
"Kageyama, Yuta",
"Kalamkar, Snehanjali","Coburg University of Applied Sciences and Arts, Germany"
"Kalathur Gopal, Sindhu Reddy","EECS, University of Wyoming, United States"
"Kalatzis, Apostolos","Computer Science, Cleveland State University, United States"
"Kameoka, Takayuki","Department of Human Communication/The University of Electro-Communications/KajimotoLab, The University of Electro-Communications, Japan"
"Kandel, Jade","University of North Carolina at Chapel Hill, United States"
"Kaneko, Seitaro",
"Kang, June","Korea University, Korea, Republic of"
"Kang, Seoyoung","UVR Lab, KAIST, Korea, Republic of"
"Kang, Taeho","Human Machine Interaction Group, TU Wien, Austria"
"Kataoka, Yuta","Ritsumeikan University, Japan"
"Kawai, Norihiko","Osaka Institute of Technology, Japan"
"Kawasaki, Hiroshi","Kyushu University, Japan"
"Ke, Pingchuan","School of Creative Media, City University of Hong Kong, China"
"Keighrey, Conor","Department of Engineering and Informatics, Athlone Institute of Technology, Ireland"
"Kelly, Jonathan","Psychology, Iowa State University, United States"
"Khan, Dawar","Visual Computing Center , King Abdullah University of Science and Technology, Saudi Arabia"
"Kim, DongHoon","Computer Science, Utah State University, United States"
"Kim, Dooyoung","KI-ITC ARRC, KAIST, Korea, Republic of"
"Kim, Hanseob","Department of Computer Science and Engineering, Korea University, Korea, Republic of"
"Kim, Hansung","VLC, ECS, University of Southampton, United Kingdom"
"Kim, Hayeon","Dept. of Software Science, Dankook University, Korea, Republic of"
"Kim, Jinwook","Graduate School of Culture Technology, KAIST, Korea, Republic of"
"Kishore, Sameer","Middlesex University Dubai, United Arab Emirates"
"Klimant, Philipp","Mittweida University of Applied Sciences , Germany"
"Kodama, Daiki","The University of Tokyo, Kuzuoka Amemiya Narumi Lab, Japan"
"Kodukula, Venkatesh",
"Kopel, Marek","Wrocław University of Science and Technology, Poland"
"Kou, Dongliang","Academy for Engineering & Technology, Fudan University, China"
"Koyama, Yuki","National Institute of Advanced Industrial Science and Technology (AIST), Japan"
"Kroczek, Leon","Department of Psychology, Regensburg University, Germany"
"Kruijff, Ernst","Bonn-Rhein-Sieg University of Applied Sciences , Germany"
"Kruse, Lucie","Human-Computer Interaction, Universität Hamburg, Germany"
"Kuang, Zhengfei","Stanford University, United States"
"Kuffner dos Anjos, Rafael","School of Computing, University of Leeds, United Kingdom"
"Kullmann, Peter","Department of Computer Science, HCI Group, University of Würzburg, Germany"
"Kumaran, Radha","Computer Science, University of California, Santa Barbara, United States"
"Kumarapeli, Dilshani","Human Interface Technology Lab, University of Canterbury, New Zealand"
"Kurihara, Kosuke","tokyo university of science, Japan"
"Lacoche, Jérémy","Orange Labs, France"
"Langlotz, Tobias","Aarhus University, Denmark"
"Laue, Tim",
"Lautenbach, Tom","TU Wien, Austria"
"Le Chénéchal, Morgan",
"Lebreton, Pierre","Capacités , France"
"Lebrun, Flavien","IBISC Lab, Univ Evry, Université Paris Saclay, France"
"Lee, Benjamin","JPMorganChase, United States"
"Lee, DaeHo","Artificial Intelligence Graduate School, Gwangju Institute of Science and Technology, Korea, Republic of"
"Lee, Dohae","Yonsei University, Korea, Republic of"
"Lee, Geonsun","Computer Science, University of Maryland, United States"
"Lee, Gun","IVE STEM, University of South Australia, Australia"
"Lee, Ho Jung","Dept. of Computer Science, Yonsei University, Korea, Republic of"
"Lee, Jeongmi","Graduate School of Culture Technology, KAIST, Korea, Republic of"
"Li, Bin","Electrical Engineering, Pennsylvania State University, United States"
"Li, Chen","Department of Applied Social Sciences, The Hong Kong Polytechnic University , Hong Kong"
"Li, Huiyu","Shandong University, China"
"Li, Jianfeng","Southwest University, China"
"Li, Mingjun","Clarkson University, United States"
"Li, Nianlong","Institute of Software, Chinese Academy of Sciences, China"
"Li, Xiang","Department of Engineering, University of Cambridge, United Kingdom"
"Li, Yi-Jun","State Key Laboratory of Virtual Reality Technology and Systems, Beihang University, China"
"Li, Yuanqi","School of computer science and technology, Nanjing University, China"
"Li, Yujie","Guilin University of Electronic Technology, China"
"Li, Zhan","Portland State University, United States"
"Liang, Chen","The Hong Kong University of Science and Technology (Guangzhou), China"
"Liang, Hui","Zhengzhou University of Light Industry, China"
"Liao, Shuqi","Computer Science, Purdue University, United States"
"Lin, Ching-Yao","National Center for High-performance Computing, Taiwan"
"Lin, Yi","Fuzhou University, China"
"Lindero, David",
"Lindlbauer, David","Human-Computer Interaction Institute, Carnegie Mellon University, United States"
"Liu, Chang","Kyoto University, Japan"
"Liu, Jen-Shuo","Department of Computer Science, Columbia University, United States"
"Liu, Jia-Hong",
"Liu, Jiazhou","Embodied Visualisation Group, Monash University, Australia"
"Liu, Junhua","University of Southern California, United States"
"Liu, Lingjie","UPenn, United States"
"Liu, Ziyi","Purdue University, United States"
"Lopes, Pedro","University of Chicago, United States"
"Lorenz, Mario","Chemnitz University of Technology , Institute for Machine Tools and Production Processes, Germany"
"Lotte, Fabien","Potioc team, Inria Bordeaux Sud-Ouest, France"
"Lougiakis, Christos","Department of Informatics and Telecommunications/School of Science, National and Kapodistrian University of Athens, Greece"
"Lu, Edward","Carnegie Mellon University, United States"
"Lu, Feiyu",
"Luong, Tiffany","Department of Computer Science, ETH Zürich, Switzerland"
"Ma, Long","Shandong University, China"
"Ma, Yan","Computer Science Department, Stony Brook University, United States"
"Maekawa, Azumi","Research Center for Advanced Science and Technology, The University of Tokyo, Japan"
"Mai, Daniel","IBISC, Univ Evry, Université Paris-Saclay, France"
"Maidenbaum, Shachar","Biomedical Engineering, Columbia, United States"
"Makled, ElHassan","Virtual Worlds and Digital Games Group, Ilmenau University of Technology, Germany"
"Maneth, Sebastian","AG Datenbanken, University of Bremen, Germany"
"Manzke, Michael","School of Computer Science and Statistics, Trinity College Dublin, Ireland"
"Marchal, Maud","Univ. Rennes, INSA, IRISA, Inria, France"
"Marroquim, Ricardo","EEMCS, TU Delft, Netherlands"
"Martin-Gomez, Alejandro","Computer Science, Johns Hopkins University, United States"
"Martinez Garcia, Donaji","Deutsches Zentrum für Luft- und Raumfahrt, Germany"
"Martins Guarese, Renan","School of Computing Technologies, RMIT, Australia"
"Masai, Katsutoshi","Kyushu University, Japan"
"Mascaro, Stephen","University Of Utah, United States"
"Matos, Teresa","DEI, FEUP, Portugal"
"Matsumoto, Keigo","Graduate School of Information Science and Technology, The University of Tokyo, Japan"
"Matsumuro, Miki","Honda Research Institute Japan, Japan"
"Matviienko, Andrii","KTH Royal Institute of Technology, Sweden"
"Maurer, Frank","Department of Computer Science, University of Calgary, Canada"
"Mavridou, Ifigeneia","Research & Development, Emteq Ltd., United Kingdom"
"Maxim, Andrew","University of Florida, United States"
"Mayer, Anjela","Institute of Information Management in Engineering, Karlsruhe Institute of Technology, Germany"
"Mazursky, Alex","University of Chicago, United States"
"Mazzoni, Antonella","Media and Arts Technology, Queen Mary University of London, United Kingdom"
"McGuffin, Michael","Dept Software and IT Engineering, ETS, Canada"
"Mei, Luoyu","Computer Science, City University of Hong Kong, Hong Kong"
"Mendes, Daniel","INESC TEC, Portugal"
"Meng, Xiangyu","HKU, HKU EEE, Hong Kong"
"Meng, Yan","George Washington University, United States"
"Mercado, Victor","Inria Rennes, France"
"Merz, Christian","Human-Computer Interaction Group, University of Würzburg, Germany"
"Meuschke, Monique","Department of Simulation and Graphics, University of Magdeburg, Germany"
"Miguel-Alonso, Ines","Computer Engineering, University of Burgos, Spain"
"Miller, Mark","Computer Science, Illinois Institute of Technology, United States"
"Mitarai, Sho","Kyoto University, Japan"
"Mitchell, Kenny","School of Computing, Engineering and the Built Environment, Edinburgh Napier University, United Kingdom"
"Mitra, Karan","Department of Computer Science, Electrical and Space Engineering, Luleå University of Technology, Sweden"
"Miyashita, Leo","The University of Tokyo, Japan"
"Miyazaki, Arthur","PSI, University of São Paulo , Brazil"
"Mizuho, Takato","The University of Tokyo, Japan"
"Moore, Alec","Computer Science, University of Central Florida, United States"
"Mortezapoor, Soroosh","Institute of Visual Computing and Human-Centered Technology, TU Wien, Austria"
"Mousas, Christos","Department of Computer Graphics Technology, Purdue University, United States"
"Muehlenbrock, Andre","Computer Graphics and Virtual Reality, University of Bremen, Germany"
"Mukai, Tomohiko","Department of Industrial Art, Tokyo Metropolitan University, Japan"
"Mulot, Lendy","Univ Rennes, INSA, IRISA, France"
"Murmu, Chandni","Human-Centered Computing, School of Computing, Clemson University, United States"
"Murray, Niall","Electronics & Informatics, Athlone Institute of Technology, Ireland"
"Mutasim, Aunnoy K","School of Interactive Arts and Technology, Simon Fraser University, Canada"
"Nakamura, Fumihiko","Ritsumeikan University, Japan"
"Nam, Hyeongil","Department of Computer Science, Hanyang University, Korea, Republic of"
"Nana, Tian","Immersive interaction lab, EPFL, Switzerland"
"Nancel, Mathieu","UMR 9189 - CRIStAL, Univ. Lille, Inria, CNRS, Centrale Lille, France"
"Narkar, Anish","Computer Science, Virginia Tech, United States"
"Nassani, Alaeddin","Augmented Human Lab, Auckland Bioengineering Institute, The University of Auckland, New Zealand"
"Neff, Michael","Facebook Reality Labs, United States"
"Nega, Chrysanthi","Psychology Department, School of Liberal Arts and Sciences, The American College of Greece, Greece"
"Neveu, Pascaline","Dept Neurosciences and cognitive sciences, French Armed Forces Biomedical Research Institute, France"
"Nguyen, Vickie","School of Biomedical Informatics, The University of Texas Health Science Center at Houston, United States"
"Nia, Alireza","Auckland Bioengineering Institute, University of Auckland, New Zealand"
"Nie, Tongyu","Department of Computer Science & Engineering, University of Minnesota, United States"
"Ning, Tianxin","Reality Lab, Meta Platform Inc, United States"
"Nóbrega, Rui","NOVA-LINCS, DI, Faculdade de Ciências e Tecnologia, Universidade Nova de Lisboa, Portugal"
"Norman, Mitchell","University of South Australia, Australia"
"Normand, Erwan","University Rennes, France"
"Norouzi, Nahal","Reality Labs Research, United States"
"O'Hagan, Joseph","School of Computing Science, University of Glasgow, United Kingdom"
"Oakley, Ian","School of Electrical Engineering, KAIST, Korea, Republic of"
"Oberdörfer, Sebastian","Department of Computer Science, HCI Group, University of Würzburg, Germany"
"Ogawa, Kumpei","Tohoku University, Japan"
"Ogawa, Nami","AI Lab, CyberAgent, Inc., Japan"
"Oliver, Ramon","Event Lab, Institute of Neurosciences of the University of Barcelona, Spain"
"Onisaki, Hadassa","University of São Paulo , Brazil"
"Onishi, Yuki","SFI MediaFutures, University of Bergen, Norway"
"Ooi, Chun Wei","trinity college Dublin, Ireland"
"Ooi, Wei Tsang","Computer Science, National University of Singapore, Singapore"
"Orlosky, Jason","Osaka University, Japan"
"Otsuki, Mai","National Institute of Advanced Industrial Science and Technology, Japan"
"Pan, Xueni","Computing, Goldsmiths, United Kingdom"
"Pan, Ye","Shanghai Jiaotong University , China"
"Peng, Hao-Lun","Tokyo Institute of Technology, Japan"
"Peng, Sida","Zhejiang University, China"
"Pereira, Nuno","Computer Engineering Department, Polytechnic Institute of Porto, School of Engineering (ISEP/IPP) and INESC TEC, Portugal"
"Perelman, Gary","IRIT - Elipse group, University of Toulouse, France"
"Peres, Fabiana Frata Furlan","Centro de Engenharias e Ciencias Exatas, UNIOESTE, Brazil"
"Perez, Michael",
"Peysakhovich, Vsevolod","ISAE-SUPAERO, France"
"Pfaff, Tobias","Google Deepmind, United Kingdom"
"Pfeiffer, Thies","Faculty of Technology, University of Applied Sciences Emden/Leer, Germany"
"Pizzo, Marianna","Dept. of Informatics, Bioengineering, Robotics, and Systems Engineering, University of Genoa, Italy"
"Plabst, Lucas","Computer Science & NUILab, Colorado State University, United States"
"Pohl, Henning","Aalborg University, Denmark"
"Pöhlmann, Katharina","Computing Science, University of Glasgow, United Kingdom"
"Polydorou, Doros","School of Multimedia and Graphics Arts, Cyprus University of Technology, Cyprus"
"Pooryousef, Vahid","Department of Human-Centred Computing, Monash University, Australia"
"Pouke, Matti","Center for Ubiquitous Computing, University of Oulu, Finland"
"Powley, Benjamin","School of Engineering and Computer Science, Victoria University of Wellington, New Zealand"
"Pratticò, Filippo Gabriele","DAUIN - VR@POLITO, Politecnico di Torino, Italy"
"Prié, Yannick","LS2N UMR 6004 CNRS, Nantes Université, France"
"Privitera, Alessandro Giuseppe","University of Udine, Italy"
"Pui Chung, Wong","School of Creative Media, City University of Hong Kong, China"
"Punpongsanon, Parinya","Graduate School of Science and Engineering, Saitama University, Japan"
"Purps, Christian Felix",
"Qi, Yuankai","Macquarie University , Australia"
"Qi, Yue","BUAA, China"
"Qiao, Yuxin","Northern Arizona University, United States"
"Qu, Qiang","School of Computer Science, The University of Sydney, Australia"
"Quarles, John","Computer Science, University of Texas at San Antonio, United States"
"Quevedo, Alvaro","Ontario Tech University, Canada"
"Radl, Lukas","Graz University of Technology, Austria"
"Ragan, Eric","University of Florida, United States"
"Rakhmetulla, Gulnar","Inclusive Interaction Lab, University of California, Merced, United States"
"Ramiotis, George","Electrical and Computer Engineering, Technical University of Crete, Greece"
"Randhavane, Tanmay","Department of Computer Science, University of North Carolina at Chapel Hill, United States"
"Raposo, Rui","DigiMedia, Department of Communication and Art, University of Aveiro, Portugal"
"Rasch, Julian","LMU Munich, Germany"
"Reski, Nico","Media and Information Technology (MIT), Department of Science and Technology (ITN), Linköping University, Sweden"
"Richard, Grégoire","HEUDYASIC/ISIR, CNRS, France"
"Richardt, Christian","Meta Reality Labs, United States"
"Riedlinger, Urs","Fraunhofer FIT, Germany"
"Rimbert, Sebastien",
"Rinnert, Thomas","ENSAM, France"
"Rolff, Tim","Universität Hamburg, Germany"
"Rovira, Aitor",
"Rüger, Christoph","Experimental Surgery, Charité - Universitätsmedizin Berlin, Germany"
"Rupp, Daniel","Visual Computing Institute, RWTH Aachen University, Germany"
"Saffo, David","Global Technology Applied Research, J.P. Morgan Chase & Co., United States"
"Saibene, Aurora","University of Milan - Bicocca, Italy"
"Sakurada, Kuniharu","Keio University, Japan"
"Salagean, Anca","Computer Science, University of Bath, United Kingdom"
"Sanders, Betsy","Rhodes College, United States"
"Saraswathi, Pradeep Kumar","Software, IEEE, United States"
"Sarmiento, Wilson J.","Universidad Militar Nueva Granada, Colombia"
"Sarri, Effrosyni","Technical University of Crete, Greece"
"Sasikumar, Prasanth",
"Sato, Yushi","Sato Lab, Osaka University, Japan"
"Satriadi, Kadek Ananta","Monash University, Australia"
"Savoye, Yann","school of Computing Science and Mathematics, University of Leicester, United Kingdom"
"Schild, Jonas","Interactive Reality Experiences, TH Köln, Germany"
"Schlesener, Elizabeth","School of Computing, Clemson University, United States"
"Schmelter, Thereza","Berliner Hochschule für Technik, Germany"
"Schmidt, Susanne","HIT Lab NZ, University of Canterbury, New Zealand"
"Schneegans, Simon","Institute for Software Technology, German Aerospace Center (DLR), Germany"
"Schröder-Dering, Christoph","University of Bremen, Germany"
"Schwandt, Tobias","Virtual Worlds and Digital Games Group, Technische Universität Ilmenau, Germany"
"Schwind, Valentin","Frankfurt University of Applied Sciences, Germany"
"Segarra Martinez, Esteban","Extended Reality and Training Laboratory, University of Central Florida, United States"
"Seo, Byung-Kuk","Electronics and Telecommunications Research Institute (ETRI), Korea, Republic of"
"Sepahyar, Soheil","Faculty Lecturer in Computer Science, University of Massachussets Boston, United States"
"Serrano, Ana","Universidad de Zaragoza, Spain"
"Serrano, Marcos","University of Toulouse 3, IRIT - Elipse, France"
"Shahnewaz Ferdous, Sharif Mohammad","Computer Science, The College of New Jersey, United States"
"Shao, Dan",
"Shekhar, Raj",
"Shen, Shuhan","Institute of Automation, Chinese Academy of Sciences, China"
"Shen, Wei",
"Shen, Yuxin","School of Computer Science, Beijing Institute of Technology, China"
"Shi, Rongkai","Computational Media and Arts Thrust in the Information Hub, The Hong Kong University of Science and Technology (Guangzhou), China"
"Shi, Xuehuai","Nanjing University of Posts and Telecommunications, China"
"Shin, Myungjin","Georgia Institute of Technology, United States"
"Shivakumar, Ashutosh",
"Shivakumar, Vyomakesh","School of Computing, Clemson University, United States"
"Si, Weixin","Center for Human-Computer Interaction, Shenzhen Institutes of Advanced Technology, Chinese Academy of Sciences, China"
"Sidenmark, Ludwig","Department of Computer Science, University of Toronto, Canada"
"Sigitov, Anton","University of Applied Sciences Bonn-Rhein-Sieg, Institute of Visual Computing, Germany"
"Silva, Leonardo","Universidade Federal de Mato Grosso do Sul, Brazil"
"Singh, Avinash","Australian Artificial Intelligence Institute, School of Computer Science, Faculty of Engineering and Information Technology, University of Technology Sydney, Australia"
"Singhal, Yatharth","Erik Jonsson School of Engineering and Computer Science, University of Texas at Dallas, United States"
"Soberanis, Lara","Texas A&M University, United States"
"Soccini, Agata Marta","Computer Science Dpt, Università degli Studi di Torino, Italy"
"Sousa, Mauricio","Reality Labs Research at Meta, Canada"
"Spur, Maxim","Lab-STICC CNRS/UMR 6285, Ecole Nationale d'Ingénieurs de Brest, France"
"Srinidhi, Sruti","Carnegie Mellon University, United States"
"Staadt, Oliver","University of Rostock, Germany"
"Stamminger, Marc","Visual Computing, Friedrich-Alexander-Universität Erlangen-Nürnberg, Germany"
"Stavroulakis, Alexis","TECHNICAL UNIVERSITY OF CRETE, Greece"
"Stefanucci, Jeanine","University of Utah, United States"
"Suebnukarn, Siriwan","Thammasat University , Thailand"
"Sulaimon, Tolulope Olayemi","Specialized Education Services, University of North Carolina Greensboro, United States"
"Sun, Yilu","Virtual Embodiment Lab, Cornell University, United States"
"Sutton, Jennifer","Psychology, University of Western Ontario, Canada"
"Sutton, Jonathan","University of Copenhagen, Denmark"
"Swan, J. Edward","Computer Science and Engineering, Mississippi State University, United States"
"Szafir, Danielle","University of North Carolina-Chapel Hill, United States"
"T S, Ashwin","Department of Computer Science, Vanderbilt University, United States"
"Tabar, Maryam","University of Texas at San Antonio, United States"
"Tabata, Satoshi","Tokyo University of Science, Japan"
"Tadeja, Slawomir","Department of Engineering, University of Cambridge, United Kingdom"
"Tagawa, Kazuyoshi","Toyama Prefectural University, Japan"
"Talhan, Aishwari","Division for Research and Economic Development, University at Albany, State University of New York, Albany, NY, USA., United States"
"Tan, Haoyu","Department of Computer Science & Engineering, University of Minnesota, United States"
"Tanabe, Takeshi","National Institute of Advanced Industrial Science and Technology (AIST), Japan"
"Tang, Fulin","Institute of Automation, Chinese Academy of Sciences, China"
"Tashtarian, Farzad","Klagenfurt University, Austria"
"Theodoropoulos, Anastasios","Performing and Digital Arts, University of the Peloponnese, Greece"
"Thomas, Bruce","IVE: Australian Research Centre for Interactive and Virtual Environments, University of South Australia, Australia"
"Thomas, Jerald","Computer Science, University of Wisconsin - Milwaukee, United States"
"Tian, Boyuan","ECE, UIUC, United States"
"Tian, Yang","School of computer, electronics, and information, Guangxi University, China"
"Tirado Cortes, Carlos","Discipline of Design, University of Sydney, Australia"
"Tolchinsky, Mark","Clemson University, United States"
"Tong, Wai","College of Performance, Visualization & Fine Arts, Texas A&M University, United States"
"Tong, Xin","Thrust of Computational Media and Arts, Hong Kong University of Science and Technology (Guangzhou), China"
"Torchelsen, Rafael","CDTec, Federal University of Pelotas, Brazil"
"Tourre, Vincent","Ambiances Architectures Urbanities, CRENAU, Ecole Centrale de Nantes, France"
"Tseng, Wen-Jie","Technical University of Darmstadt, Germany"
"Tümler, Johannes","Ingenieurinformatik, Hochschule Anhalt, University of Applied Sciences, Germany"
"Turchet, Luca","Department of Information Engineering and Computer Science, University of Trento, Italy"
"Türkay, Selen","Queensland University of Technology, Australia"
"Turkmen, Rumeysa","Computer Science, Concordia University, Canada"
"Ujitoko, Yusuke","NTT Communication Science Laboratories, Japan"
"Vairinhos, Mário","Comunication and Art, University of Aveiro, Portugal"
"van Deurzen, Bram","Expertise Centre for Digital Media, Hasselt University - Flanders Make, Belgium"
"Ventura, Jonathan","Department of Computer Science and Software Engineering, California Polytechnic State University, United States"
"Verhulst, Adrien","Research Center for Advanced Science and Technology, The University of Tokyo, Japan"
"Vibol, Yem","University of Tsukuba, Japan"
"Viola, Irene","Centrum Wiskunde en Informatica (CWI), Netherlands"
"Vona, Francesco","Department of Electronics, Information and Bio-engineering, Politecnico di Milano, Italy"
"Vosmeer, Mirjam","Amsterdam University of Applied Sciences, Lectoraat Play & Civic Media, Netherlands"
"Vyas, Shantanu","J. Mike Walker ’66 Department of Mechanical Engineering, Texas A&M University, United States"
"Wagner, Jorge","Institute of Informatics, Federal University of Rio Grande do Sul, Brazil"
"Waldow, Kristoffer","Computer Graphics Group, TH Köln, Germany"
"Walters, Lori","Institute for Simulation & Training , University of Central Florida , United States"
"Wang, Chiu-Hsuan","College of Design and Innovation, National Taiwan University, Taiwan"
"Wang, Duotun","Computational Media and Arts, The Hong Kong University of Science and Technology (Guangzhou), China"
"Wang, Jun","Paul G. Allen School of Computer Science & Engineering, University of Washington, United States"
"Wang, Junyi","State Key Laboratory of virtual reality technology and systems, BeiHang University, China"
"Wang, Lin","Artificial Intelligence, HKUST, GZ, China"
"Wang, Shaorong","Beijing Forestry University, China"
"Wang, Xiaoye Michael","Faculty of Kinesiology & Physical Education, University of Toronto, Canada"
"Wang, Xijun","Computer Science, The University of Manyland, College Park, United States"
"Wang, Xizi","David R. Cheriton School of Computer Science, University of Waterloo, Canada"
"Wang, Xuanyu","School of Creative Media, City University of Hong Kong, China"
"Wang, Yanxiang","UNSW, Australia"
"Wang, Yaxing","computer science, China"
"Wang, Yi","School of Information Technology, Deakin University, Australia"
"Wang, Yuze","Beihang University, China"
"Wang, Zeyu","Computational Media and Arts, The Hong Kong University of Science and Technology (Guangzhou), China"
"Wang, Zhecheng","Department of Computer Science, University of Toronto, Canada"
"Wang, Zhimin","State Key Lab. of VR Technology and Systems, Beihang University, China"
"Wartell, Zachary","Department of Computer Science, University of North Carolina at Charlotte, United States"
"Wei, Guangshun","School, ShanDong University, China"
"Weier, Martin","DCSM, RheinMain University of Applied Sciences, Germany"
"Weinmann, Michael","Intelligent Systems Department , Delft University of Technology , Netherlands"
"Wen, Hongkai","University of Warwick, United Kingdom"
"Whitton, Mary","Computer Science, UNC Chapel Hill, United States"
"Wiebel, Alexander","UX-Vis, Hochschule Worms , Germany"
"Wiedbusch, Megan","School of Modeling, Simulation, and Training, University of Central Florida, United States"
"Wienkop, Uwe","Institut für Angewandte Informatik, Technische Hochschule Nürnberg, Germany"
"Wilcox, Laurie","Psychology, Centre for Vision Research, York University, Canada"
"Willemsen, Peter","Computer Science, University of Minnesota Duluth, United States"
"Williams, Benjamin","Games Development Department, Staffordshire University, United Kingdom"
"Williams, Niall","University of Maryland, College Park, United States"
"Williamson, Julie","School of Computing Science, University of Glasgow, United Kingdom"
"Wilson, Ethan","Computer and Information Science and Engineering, University of Florida, United States"
"Wilson, Graham","School of Computing Science, University of Glasgow, United Kingdom"
"Winckler, Marco","I3S Lab, SPARKS/wimmics team, Université Côte d'Azur, France"
"Wintersberger, Philipp","University of Applied Sciences Upper Austria, Austria"
"Wolf, Erik","Human-Computer Interaction Group, University of Würzburg, Germany"
"Wölfel, Matthias","University of Applied Sciences Karlsruhe, Germany"
"Woodworth, Jason","Center for Advanced Computer Studies, University of Louisiana at Lafayette, United States"
"Wu, Fei","Department of Computer Science & Engineering, University of Minnesota, United States"
"Wu, Hui-Yin","Université Côte d'Azur, Inria, France"
"Wu, Renjie","School of Computer and Mathematical Sciences, University of Adelaide, Australia"
"Xavier Natario Teixeira, João Marcelo","UFPE, Brazil"
"Xi, Yubin","Snap, United States"
"Xia, Wang","Zhejiang University of Technology, China"
"Xia, Xinxing","Shanghai University, China"
"Xiao, Yanxin","Department of Computer Science, University of Copenhagen, Denmark"
"Xiao, Zirui","Synteraction Lab, City University of Hong Kong, China"
"Xin, Wangjiaxuan","Software and Information Systems, University of North Carolina at Charlotte, United States"
"Xiong, Ningchang","School of Creative Media, City University of Hong Kong, China"
"Xu, Jiayi","The University of Tokyo, Japan"
"Xu, Shengjie","GAMMA Lab, University of Maryland, College Park, United States"
"Xu, Wenge","Birmingham City University, United Kingdom"
"Xu, Yang","School of Information Science and Technology, Northwest University, China"
"Yang, Chi-Lan","Graduate School of Interdisciplinary Information Studies, The University of Tokyo, Japan"
"Yang, Jie",
"Yang, Jing","Department of Computer Science, ETH Zurich, Switzerland"
"Yang, Qing","Capital University of Economics and Business, School of Management and Engineering, China"
"Yang, Xingyu","School of Creative Media, City University of Hong Kong, China"
"Yang, Xubo","SHANGHAI JIAO TONG UNIVERSITY, China"
"Yasui, Masahiko","Tokyo Institute of Technology, Japan"
"Yasutomo, Kawanishi","Multimodal Data Recognition Research Team, RIKEN, Japan"
"Yi, Juheon","Nokia Bell Labs, Cambridge, UK, United Kingdom"
"Yoo, Steven","Georgia Institute of Technology, United States"
"Yoon, Boram","KI-ITC ARRC, KAIST, Korea, Republic of"
"Yoshida, Shigeo","OMRON SINIC X, Japan"
"Yoshimoto, Shunsuke","Osaka University, Japan"
"Young, Jacob","Human Computer Interaction Group, University of Otago, New Zealand"
"Yu, Emilie","Media Arts and Technology, UCSB, United States"
"Yu, Hailin","SenseTime, China"
"Yu, Kevin","medPhoton GmbH, Austria"
"Yu, Lap-Fai","Computer Science, George Mason University, United States"
"Yu, Lingyun","School of Advanced Technology, Xi'an Jiaotong-Liverpool University, China"
"Yu, Liuchuan","Computer Science, George Mason University, United States"
"Yu, Luwen","Computational Media and Arts Thrust, The Hong Kong University of Science and Technology (Guangzhou), China"
"Yu, Neng-Hao","Department of Design, National Taiwan University of Science and Technology, Taiwan"
"Yu, Xingyao","VISUS, University of Stuttgart, Germany"
"Yu, Zhiwei","Biomedical Engineering, Rochester Institute of Technology, United States"
"Yuan, Liangqi","School of Electrical and Computer Engineering, Purdue University, United States"
"Yuan, Lin-Ping","Department of Computer Science and Engineering, The Hong Kong University of Science and Technology, China"
"Yuan, Yujie","Institute of Computing Technology, China"
"Yun, Hye Sun","Khoury College of Computer Sciences, Northeastern University, United States"
"Zand, Manizheh","Department of Electrical and Computer Engineering, Santa Clara University, United States"
"Zenner, André","German Research Center for Artificial Intelligence (DFKI), Saarland Informatics Campus, Germany"
"Zhang, Anlan","University of Southern California, United States"
"Zhang, Chenkai","Australian Research Center for Interactive and Virtual Environment, University of South Australia, Australia"
"Zhang, Danhua","Department of Computer Science & Engineering, University of Minnesota, United States"
"Zhang, Guangtao","Tsinghua University, China"
"Zhang, Kaining","Empathic Computing Lab, University of South Australia, Australia"
"Zhang, Lina","School of creative media, China"
"Zhang, Song-Hai","Tsinghua University, China"
"Zhang, Yidan","Data Visualisation and Immersive Analytics Lab, Monash University, Australia"
"Zhang, Yiran","Ideas Lab, Purdue University, United States"
"Zhang, Yuchong","Division of Robotics, Perception and Learning, KTH Royal Institute of Technology, Sweden"
"Zhang, Yun","College of Media Engineering, Communication University of Zhejiang, China"
"Zhang, Zhenliang","Beijing Institute for General Artificial Intelligence, China"
"Zhao, Fangtao","USC Viterbi School of Engineering, University of Southern California, United States"
"Zhao, Guanghan","Cybermedia Center, Osaka University, Japan"
"Zhao, Guangrong","Shandong University, School of Software, China"
"Zhao, Jingbo","College of Information and Electrical Engineering, China Agricultural University, China"
"Zhao, Junhong",
"Zhao, Lizhi","Beihang University, China"
"Zhao, Sheng","Weiyang College, Tsinghua University, China"
"Zhao, Yiqin","Computer Science, Worcester Polytechnic Institute, United States"
"Zhao, Yu","Vanderbilt University, United States"
"Zhao, Zhe","Tsinghua University, China"
"Zhong, Yuanhong","Chongqing University, China"
"Zhou, Qiushi","Department of Computer Science, Aarhus University, Denmark"
"Zhou, Yuqi","Department of Computer Science, Purdue University, United States"
"Zhu, Dandan","East China Normal University, China"
"Zhu, Fengyuan","Dynamic Graphic Project, Department of Computer Science, University of Toronto, Canada"
"Zhu, Mengyao","Olab, Huawei, China"
"Zhu, Pengcheng",
"Zibrek, Katja","Inria, France"